-- ========================================================
-- 股票交易系统数据库数据初始化脚本
-- 版本: 1.0
-- 创建日期: 2026-02-19
-- 说明: 插入测试数据和基础配置数据
-- ========================================================

-- 使用数据库
-- USE stock_trading;

-- ========================================================
-- 1. 初始化账户信息
-- ========================================================
INSERT INTO `account_info` (`available_amount`, `used_amount`, `total_amount`) VALUES
(1000000.00, 0.00, 1000000.00);

-- ========================================================
-- 2. 初始化定时任务配置
-- ========================================================
INSERT INTO `quartz_job` (`name`, `description`, `class_name`, `cron`, `status`, `running`, `sort`) VALUES
('股票列表同步', 
 '每日盘前同步全市场股票列表，更新股票基本信息', 
 'online.mwang.stockTrading.modules.datacollection.scheduler.StockListSyncJob', 
 '0 0 9 * * ?', 
 '1', '0', 1),

('历史数据同步', 
 '同步个股历史K线数据到MongoDB', 
 'online.mwang.stockTrading.modules.datacollection.scheduler.HistoryDataSyncJob', 
 '0 30 9 * * ?', 
 '1', '0', 2),

('实时行情更新', 
 '交易时间内每分钟更新实时行情', 
 'online.mwang.stockTrading.modules.datacollection.scheduler.RealtimeQuoteJob', 
 '0 0/1 9-14 * * ?', 
 '1', '0', 3),

('收盘数据处理', 
 '每日收盘后处理当日交易数据', 
 'online.mwang.stockTrading.modules.datacollection.scheduler.MarketCloseJob', 
 '0 0 15 * * ?', 
 '1', '0', 4),

('模型评估任务', 
 '评估LSTM模型性能，检查是否需要重训练', 
 'online.mwang.stockTrading.modules.prediction.scheduler.ModelEvaluationJob', 
 '0 0 16 * * ?', 
 '1', '0', 5),

('收益统计分析', 
 '统计当日收益和交易情况', 
 'online.mwang.stockTrading.modules.trading.scheduler.DailyStatsJob', 
 '0 30 16 * * ?', 
 '1', '0', 6);

-- ========================================================
-- 3. 插入示例股票数据(仅用于测试)
-- ========================================================
INSERT INTO `stock_info` (`name`, `code`, `market`, `industry`, `is_st`, `is_tradable`, `permission`, `selected`, `deleted`) VALUES
('贵州茅台', '600519', 'SH', '白酒', 0, 1, '1', '0', '0'),
('中国平安', '601318', 'SH', '保险', 0, 1, '1', '0', '0'),
('招商银行', '600036', 'SH', '银行', 0, 1, '1', '0', '0'),
('五粮液', '000858', 'SZ', '白酒', 0, 1, '1', '0', '0'),
('比亚迪', '002594', 'SZ', '汽车', 0, 1, '1', '0', '0'),
('宁德时代', '300750', 'SZ', '电池', 0, 1, '1', '0', '0'),
('美的集团', '000333', 'SZ', '家电', 0, 1, '1', '0', '0'),
('格力电器', '000651', 'SZ', '家电', 0, 1, '1', '0', '0'),
('海康威视', '002415', 'SZ', '电子', 0, 1, '1', '0', '0'),
('立讯精密', '002475', 'SZ', '电子', 0, 1, '1', '0', '0');

-- ========================================================
-- 4. 初始化LSTM模型信息(示例)
-- ========================================================
INSERT INTO `model_info` (`code`, `name`, `train_period`, `train_times`, `test_deviation`, `score`, `status`) VALUES
('600519', '贵州茅台', '2020-01-01~2024-01-01', 5, 0.02, 98.0, 'ACTIVE'),
('601318', '中国平安', '2020-01-01~2024-01-01', 5, 0.03, 97.0, 'ACTIVE'),
('600036', '招商银行', '2020-01-01~2024-01-01', 5, 0.025, 97.5, 'ACTIVE'),
('000858', '五粮液', '2020-01-01~2024-01-01', 5, 0.028, 97.2, 'ACTIVE'),
('002594', '比亚迪', '2020-01-01~2024-01-01', 5, 0.035, 96.5, 'ACTIVE'),
('300750', '宁德时代', '2020-01-01~2024-01-01', 5, 0.04, 96.0, 'ACTIVE'),
('000333', '美的集团', '2020-01-01~2024-01-01', 5, 0.03, 97.0, 'ACTIVE'),
('000651', '格力电器', '2020-01-01~2024-01-01', 5, 0.032, 96.8, 'ACTIVE'),
('002415', '海康威视', '2020-01-01~2024-01-01', 5, 0.038, 96.2, 'ACTIVE'),
('002475', '立讯精密', '2020-01-01~2024-01-01', 5, 0.045, 95.5, 'ACTIVE');

-- ========================================================
-- 5. 插入示例持仓数据(测试用)
-- ========================================================
INSERT INTO `position` (`stock_code`, `stock_name`, `quantity`, `avg_cost`, `current_price`, `market_value`, `unrealized_pnl`, `unrealized_pnl_ratio`, `status`, `open_date`) VALUES
('600519', '贵州茅台', 100, 1800.00, 1850.00, 185000.00, 5000.00, 2.78, 'HOLDING', '2024-01-10');

-- ========================================================
-- 6. 插入示例交易记录(测试用)
-- ========================================================
INSERT INTO `trading_record` (`code`, `name`, `buy_date`, `buy_date_string`, `buy_no`, `buy_price`, `buy_number`, `buy_amount`, `sale_date`, `sale_date_string`, `sale_no`, `sale_price`, `sale_number`, `sale_amount`, `income`, `income_rate`, `hold_days`, `daily_income_rate`, `sold`) VALUES
('601318', '中国平安', '2024-01-05', '2024-01-05', 'B20240105001', 45.00, 1000, 45000.00, '2024-01-10', '2024-01-10', 'S20240110001', 47.50, 1000, 47500.00, 2500.00, 5.56, 5, 1.11, '1'),
('600036', '招商银行', '2024-01-08', '2024-01-08', 'B20240108001', 32.00, 1500, 48000.00, '2024-01-15', '2024-01-15', 'S20240115001', 33.50, 1500, 50250.00, 2250.00, 4.69, 7, 0.67, '1');

-- ========================================================
-- 7. 插入示例订单数据(测试用)
-- ========================================================
INSERT INTO `order_info` (`answer_no`, `code`, `name`, `status`, `date`, `time`, `type`, `number`, `price`, `amount`, `peer`) VALUES
('B20240115001', '600519', '贵州茅台', '已成交', '2024-01-15', '09:35:20', '买入', 100, 1800.00, 180000.00, 100),
('S20240115002', '000858', '五粮液', '已成交', '2024-01-15', '10:15:30', '卖出', 200, 155.00, 31000.00, 200),
('B20240115003', '002594', '比亚迪', '已报', '2024-01-15', '11:00:00', '买入', 500, 185.00, 92500.00, 0);

-- ========================================================
-- 初始化完成
-- ========================================================
SELECT '数据库初始化完成!' AS message;
SELECT CONCAT('股票数量: ', COUNT(*)) AS info FROM stock_info;
SELECT CONCAT('定时任务数量: ', COUNT(*)) AS info FROM quartz_job;
SELECT CONCAT('模型数量: ', COUNT(*)) AS info FROM model_info;
SELECT CONCAT('持仓数量: ', COUNT(*)) AS info FROM position WHERE status = 'HOLDING';
SELECT CONCAT('交易记录数量: ', COUNT(*)) AS info FROM trading_record;
SELECT CONCAT('订单数量: ', COUNT(*)) AS info FROM order_info;
